no_nota,tanggal,nama_produk,jumlah,harga_satuan,id_pelanggan
NOTA-162,16/02/2026,  Roti Keju ,2,9000,
NOTA-304,30/03/2026,Roti Sobek,4,15000,27
NOTA-105,30/01/2026,Roti Sobek,1,15000,25
NOTA-297,28/03/2026,Donat Coklat,3,6000,13
NOTA-306,30/03/2026,Donat Coklat,1,6000,5
NOTA-19,05/01/2026,BOLU PANDAN,3,22000,2
NOTA-59,17/01/2026,donat gula,2,5000,
NOTA-179,21/02/2026,Roti Sobek,2,15000,
NOTA-85,24/01/2026,ROTI COKLAT,3,8000,1
NOTA-239,11/03/2026,ROTI SOBEK,2,15000,2
NOTA-86,24/01/2026,  Roti Keju ,4,9000,18
NOTA-10,03/01/2026,Brownies,1,25000,
NOTA-109,31/01/2026,  Brownies ,2,25000,25
NOTA-188,24/02/2026,Lapis Legit,1,45000,
NOTA-264,18/03/2026,  Roti Keju ,3,9000,
NOTA-123,05/02/2026,Brownies,4,25000,22
NOTA-86,24/01/2026,Donat Gula,1,5000,18
NOTA-276,22/03/2026,BROWNIES,1,25000,1
NOTA-2,01/01/2026,lapis legit,3,45000,
NOTA-93,26/01/2026,LAPIS LEGIT,2,45000,34
NOTA-30,09/01/2026,  Donat Gula ,3,5000,7
NOTA-79,22/01/2026,roti sobek,1,15000,22
NOTA-205,01/03/2026,Donat Gula,2,5000,2
NOTA-227,07/03/2026,roti coklat,2,8000,3
NOTA-13,04/01/2026,bolu pandan,3,22000,4
NOTA-18,05/01/2026,  Bolu Pandan ,1,22000,17
NOTA-131,07/02/2026,BROWNIES,1,25000,
NOTA-206,01/03/2026,BROWNIES,2,25000,1
NOTA-276,22/03/2026,Bolu Pandan,1,22000,1
NOTA-82,23/01/2026,Donat Coklat,2,6000,3
NOTA-214,03/03/2026,brownies,3,25000,
NOTA-188,24/02/2026,ROTI KEJU,1,9000,
NOTA-173,20/02/2026,DONAT GULA,1,5000,2
NOTA-30,09/01/2026,Donat Coklat,1,6000,7
NOTA-90,25/01/2026,ROTI COKLAT,1,8000,15
NOTA-239,11/03/2026,DONAT COKLAT,1,6000,2
NOTA-245,13/03/2026,Donat Coklat,3,6000,
NOTA-109,31/01/2026,  Bolu Pandan ,2,22000,25
NOTA-283,24/03/2026,LAPIS LEGIT,2,45000,16
NOTA-28,08/01/2026,LAPIS LEGIT,3,45000,30
NOTA-153,14/02/2026,Donat Coklat,,6000,
NOTA-308,31/03/2026,Lapis Legit,1,45000,23
NOTA-83,23/01/2026,brownies,3,25000,
NOTA-26,08/01/2026,Brownies,2,25000,
NOTA-127,06/02/2026,DONAT COKLAT,1,6000,25
NOTA-226,07/03/2026,Roti Keju,2,9000,19
NOTA-227,07/03/2026,roti coklat,2,8000,3
NOTA-72,19/01/2026,  Roti Coklat ,3,8000,40
NOTA-24,07/01/2026,Lapis Legit,4,45000,2
NOTA-93,26/01/2026,BOLU PANDAN,2,22000,34
NOTA-192,25/02/2026,  Bolu Pandan ,1,22000,
NOTA-37,10/01/2026,DONAT COKLAT,,6000,
NOTA-28,08/01/2026,Donat Gula,2,5000,30
NOTA-304,30/03/2026,roti coklat,1,8000,27
NOTA-200,28/02/2026,Donat Gula,3,5000,
NOTA-308,31/03/2026,Roti Coklat,3,8000,23
NOTA-86,24/01/2026,roti coklat,1,8000,18
NOTA-242,12/03/2026,  Donat Gula ,2,5000,
NOTA-31,09/01/2026,roti sobek,4,15000,34
NOTA-173,20/02/2026,  Roti Sobek ,2,15000,2
NOTA-176,20/02/2026,roti keju,4,9000,35
NOTA-226,07/03/2026,DONAT GULA,1,5000,19
NOTA-89,25/01/2026,donat gula,4,5000,35
NOTA-249,14/03/2026,roti coklat,,8000,21
NOTA-40,11/01/2026,DONAT GULA,2,5000,
NOTA-223,07/03/2026,Donat Coklat,4,6000,19
NOTA-6,02/01/2026,ROTI SOBEK,2,15000,31
NOTA-252,14/03/2026,ROTI SOBEK,3,15000,13
NOTA-277,22/03/2026,LAPIS LEGIT,3,45000,15
NOTA-195,26/02/2026,Roti Sobek,2,15000,5
NOTA-160,15/02/2026,bolu pandan,3,22000,9
NOTA-62,17/01/2026,brownies,3,25000,40
NOTA-10,03/01/2026,bolu pandan,1,22000,
NOTA-26,08/01/2026,Bolu Pandan,3,22000,
NOTA-125,06/02/2026,roti sobek,2,15000,
NOTA-153,14/02/2026,Donat Coklat,4,6000,
NOTA-156,15/02/2026,Roti Sobek,1,15000,
NOTA-120,04/02/2026,BOLU PANDAN,3,22000,12
NOTA-101,29/01/2026,brownies,4,25000,
NOTA-205,01/03/2026,Donat Gula,2,5000,2
NOTA-156,15/02/2026,Donat Gula,3,5000,
NOTA-176,20/02/2026,DONAT COKLAT,2,6000,35
NOTA-61,17/01/2026,Bolu Pandan,,22000,
NOTA-1,01/01/2026,Bolu Pandan,3,22000,5
NOTA-159,15/02/2026,brownies,1,25000,21
NOTA-282,24/03/2026,donat gula,2,5000,8
NOTA-310,31/03/2026,Donat Coklat,1,6000,23
NOTA-237,10/03/2026,BROWNIES,3,25000,38
NOTA-173,20/02/2026,Lapis Legit,1,45000,2
NOTA-310,31/03/2026,BROWNIES,2,25000,23
NOTA-172,19/02/2026,BOLU PANDAN,1,22000,9
NOTA-183,22/02/2026,ROTI SOBEK,4,15000,24
NOTA-173,20/02/2026,  Roti Sobek ,2,15000,2
NOTA-63,17/01/2026,Roti Coklat,1,8000,
NOTA-276,22/03/2026,Bolu Pandan,,22000,1
NOTA-172,19/02/2026,BROWNIES,1,25000,9
NOTA-306,30/03/2026,  Lapis Legit ,2,45000,5
NOTA-114,01/02/2026,Bolu Pandan,2,22000,36
NOTA-183,22/02/2026,roti coklat,3,8000,24
NOTA-309,31/03/2026,Roti Sobek,4,15000,36
NOTA-263,18/03/2026,roti sobek,3,15000,27
NOTA-31,09/01/2026,  Roti Keju ,1,9000,34
NOTA-174,20/02/2026,ROTI SOBEK,1,15000,
NOTA-114,01/02/2026,Roti Coklat,1,8000,36
NOTA-13,04/01/2026,  Roti Sobek ,1,15000,4
NOTA-308,31/03/2026,Roti Coklat,3,8000,23
NOTA-72,19/01/2026,Donat Gula,2,5000,40
NOTA-134,08/02/2026,roti sobek,3,15000,7
NOTA-249,14/03/2026,donat gula,2,5000,21
NOTA-306,30/03/2026,Donat Coklat,1,6000,5
NOTA-49,13/01/2026,donat gula,1,5000,1
NOTA-159,15/02/2026,Bolu Pandan,2,22000,21
NOTA-134,08/02/2026,donat coklat,2,6000,7
NOTA-242,12/03/2026,ROTI COKLAT,1,8000,
NOTA-306,30/03/2026,ROTI KEJU,4,9000,5
NOTA-73,20/01/2026,Donat Coklat,3,6000,
NOTA-277,22/03/2026,Roti Coklat,2,8000,15
NOTA-55,15/01/2026,  Lapis Legit ,2,45000,
NOTA-120,04/02/2026,Brownies,2,25000,12
NOTA-83,23/01/2026,BOLU PANDAN,1,22000,
NOTA-191,24/02/2026,Roti Keju,1,9000,14
NOTA-197,27/02/2026,BROWNIES,3,25000,11
NOTA-195,26/02/2026,roti coklat,3,8000,5
NOTA-20,05/01/2026,Roti Coklat,3,8000,
NOTA-304,30/03/2026,DONAT GULA,1,5000,27
NOTA-174,20/02/2026,  Donat Coklat ,2,6000,
NOTA-206,01/03/2026,BOLU PANDAN,2,22000,1
NOTA-31,09/01/2026,roti sobek,4,15000,34
NOTA-82,23/01/2026,Donat Coklat,2,6000,3
NOTA-26,08/01/2026,roti coklat,1,8000,
NOTA-273,21/03/2026,ROTI COKLAT,1,8000,
NOTA-183,22/02/2026,DONAT GULA,2,5000,24
NOTA-249,14/03/2026,roti coklat,3,8000,21
NOTA-79,22/01/2026,donat coklat,2,6000,22
NOTA-200,28/02/2026,roti coklat,2,8000,
NOTA-179,21/02/2026,brownies,3,25000,
NOTA-152,14/02/2026,BOLU PANDAN,2,22000,3
NOTA-37,10/01/2026,DONAT COKLAT,1,6000,
NOTA-17,04/01/2026,BOLU PANDAN,1,22000,14
NOTA-114,01/02/2026,donat gula,1,5000,36
NOTA-295,28/03/2026,bolu pandan,3,22000,30
NOTA-253,14/03/2026,donat coklat,1,6000,
NOTA-61,17/01/2026,Bolu Pandan,3,22000,
NOTA-211,02/03/2026,  Roti Coklat ,4,8000,
NOTA-237,10/03/2026,Bolu Pandan,2,22000,38
NOTA-179,21/02/2026,Donat Gula,4,5000,
NOTA-39,11/01/2026,roti keju,1,9000,
NOTA-30,09/01/2026,  Roti Coklat ,3,8000,7
NOTA-310,31/03/2026,BOLU PANDAN,2,22000,23
NOTA-249,14/03/2026,donat gula,2,5000,21
NOTA-62,17/01/2026,Bolu Pandan,3,22000,40
NOTA-161,15/02/2026,  Donat Coklat ,2,6000,18
NOTA-155,14/02/2026,Bolu Pandan,2,22000,39
NOTA-279,22/03/2026,donat gula,4,5000,27
NOTA-20,05/01/2026,  Donat Coklat ,3,6000,
NOTA-82,23/01/2026,bolu pandan,3,22000,3
NOTA-152,14/02/2026,BROWNIES,2,25000,3
NOTA-85,24/01/2026,ROTI COKLAT,3,8000,1
NOTA-59,17/01/2026,donat gula,2,5000,
NOTA-176,20/02/2026,Roti Sobek,1,15000,35
NOTA-277,22/03/2026,Donat Gula,2,5000,15
NOTA-273,21/03/2026,DONAT GULA,2,5000,
NOTA-266,19/03/2026,Bolu Pandan,4,22000,19
NOTA-195,26/02/2026,  Donat Gula ,1,5000,5
NOTA-155,14/02/2026,  Lapis Legit ,3,45000,39
NOTA-105,30/01/2026,Roti Sobek,1,15000,25
NOTA-253,14/03/2026,ROTI SOBEK,3,15000,
NOTA-6,02/01/2026,brownies,3,25000,31
NOTA-31,09/01/2026,Bolu Pandan,3,22000,34
NOTA-64,18/01/2026,  Donat Coklat ,3,6000,
NOTA-155,14/02/2026,Bolu Pandan,2,22000,39
NOTA-202,28/02/2026,BROWNIES,3,25000,27
NOTA-145,11/02/2026,BOLU PANDAN,2,22000,35
NOTA-90,25/01/2026,DONAT GULA,1,5000,15
NOTA-44,11/01/2026,  Roti Coklat ,2,8000,9
NOTA-105,30/01/2026,donat coklat,1,6000,25
NOTA-122,05/02/2026,donat gula,1,5000,17
NOTA-44,11/01/2026,DONAT GULA,2,5000,9
NOTA-67,18/01/2026,Roti Coklat,1,8000,33
NOTA-131,07/02/2026,bolu pandan,2,22000,
NOTA-123,05/02/2026,ROTI KEJU,3,9000,22
NOTA-80,23/01/2026,BOLU PANDAN,4,22000,26
NOTA-283,24/03/2026,Roti Coklat,1,8000,16
NOTA-125,06/02/2026,DONAT COKLAT,1,6000,
NOTA-271,21/03/2026,ROTI KEJU,2,9000,2
NOTA-73,20/01/2026,Roti Sobek,3,15000,
NOTA-20,05/01/2026,roti sobek,2,15000,
NOTA-17,04/01/2026,BROWNIES,3,25000,14
